name,phoneNumber,email,address,userAgent,hexcolor
"Miss Shanie Walsh",574.966.4374,laurence97@gmail.com,"50769 Jamar Forks Suite 395
North Brennanside, VT 16086-0592","Mozilla/5.0 (compatible; MSIE 11.0; Windows 98; Win 9x 4.90; Trident/3.0)",#d14655
"Magali Predovic",1-515-720-6509,dkeebler@gmail.com,"5872 Walsh Isle
South Liam, NH 93158","Mozilla/5.0 (iPhone; CPU iPhone OS 7_2_2 like Mac OS X; en-US) AppleWebKit/534.28.7 (KHTML, like Gecko) Version/3.0.5 Mobile/8B114 Safari/6534.28.7",#b4c3ad
"Florence Schaefer Sr.","(735) 581-3201",qhackett@hotmail.com,"8722 Kessler Light
South Bennett, VT 68043-6995","Mozilla/5.0 (Macintosh; PPC Mac OS X 10_6_0 rv:4.0; sl-SI) AppleWebKit/534.37.6 (KHTML, like Gecko) Version/4.0.2 Safari/534.37.6",#78edf4
"Johanna Nader",+19164016374,rohan.timmothy@gmail.com,"2524 Torphy Drive Apt. 986
Rolandobury, KY 64930-6220","Opera/9.61 (X11; Linux x86_64; en-US) Presto/2.9.324 Version/10.00",#3006d0
"Chasity Kuvalis",406.822.2318,kweber@ebert.net,"28026 Mann Squares
Port Darian, AZ 37270","Mozilla/5.0 (iPhone; CPU iPhone OS 7_0_1 like Mac OS X; sl-SI) AppleWebKit/533.8.6 (KHTML, like Gecko) Version/4.0.5 Mobile/8B119 Safari/6533.8.6",#e06386
"Margaretta Herman",+1-579-545-6786,valerie.hettinger@yahoo.com,"400 Wiza Crest Suite 259
Lake Tryciatown, DC 16410-8285","Mozilla/5.0 (X11; Linux i686; rv:7.0) Gecko/20101116 Firefox/37.0",#c5fab9
"Alexzander Steuber",295-678-9778,oschmitt@labadie.com,"1266 Matteo Shores Apt. 573
New Duncanshire, NV 53146","Mozilla/5.0 (Macintosh; Intel Mac OS X 10_6_1 rv:2.0; sl-SI) AppleWebKit/532.4.3 (KHTML, like Gecko) Version/5.0.1 Safari/532.4.3",#998e7c
"Armando Reichert",1-857-646-2106,ukonopelski@medhurst.org,"29435 Kacie Extension Suite 660
Eribertostad, DC 18854-3796","Mozilla/5.0 (Windows; U; Windows NT 5.2) AppleWebKit/532.43.7 (KHTML, like Gecko) Version/5.0 Safari/532.43.7",#880912
"Mrs. Clementine Weimann",1-539-423-1024,kaden.jakubowski@yahoo.com,"5822 Swift Highway
New Gabriella, NV 54938","Mozilla/5.0 (iPad; CPU OS 7_2_2 like Mac OS X; sl-SI) AppleWebKit/535.30.3 (KHTML, like Gecko) Version/4.0.5 Mobile/8B117 Safari/6535.30.3",#94b768
"Ms. Della O'Kon",903.232.8560,jacynthe.padberg@koepp.com,"35416 Gregorio Way Apt. 866
West Name, UT 81618-8057","Mozilla/5.0 (compatible; MSIE 7.0; Windows 98; Win 9x 4.90; Trident/4.1)",#d6a819
"Prof. Jeromy Rippin","+1 (272) 655-3203",dannie85@yahoo.com,"1395 Alessia Wells Apt. 652
Abigaylefurt, AR 73532","Mozilla/5.0 (Windows; U; Windows 95) AppleWebKit/534.37.7 (KHTML, like Gecko) Version/4.0.4 Safari/534.37.7",#4a3179
"Royal Olson",602.566.2078,kshields@yahoo.com,"115 Alvena Club
Elliottport, ID 63115-5903","Opera/9.53 (Windows 98; Win 9x 4.90; sl-SI) Presto/2.10.224 Version/11.00",#7a77d3
"Willis Langworth","(465) 588-5444",daija.bergstrom@gmail.com,"11653 Macie Isle Apt. 751
Carlieshire, RI 73507-9640","Mozilla/5.0 (Windows NT 4.0) AppleWebKit/5312 (KHTML, like Gecko) Chrome/37.0.806.0 Mobile Safari/5312",#a7fef6
"Joana Bechtelar","(481) 639-5346",mwindler@hotmail.com,"772 Geovanni Mill Suite 597
South Kiarraburgh, NY 88061","Mozilla/5.0 (Macintosh; U; PPC Mac OS X 10_8_4 rv:3.0; sl-SI) AppleWebKit/531.49.4 (KHTML, like Gecko) Version/5.0.2 Safari/531.49.4",#d09fc8
"Kelton Boehm",+1-889-896-1582,marcos96@white.net,"832 Reanna Centers
Muellermouth, OH 93672-3136","Mozilla/5.0 (Macintosh; U; Intel Mac OS X 10_8_1 rv:6.0; en-US) AppleWebKit/531.22.1 (KHTML, like Gecko) Version/4.0.5 Safari/531.22.1",#87b0cb
"Shawn Mayert",+1-439-221-0149,maximillian21@hotmail.com,"78442 Purdy Station
Leolaberg, OK 99834-7143","Mozilla/5.0 (compatible; MSIE 8.0; Windows CE; Trident/5.1)",#46acff
"Mrs. Andreanne Schaden",+1-667-200-1140,pmckenzie@stracke.com,"7616 Jose Ports
Rodriguezburgh, OH 43721","Mozilla/5.0 (Windows NT 5.1) AppleWebKit/5321 (KHTML, like Gecko) Chrome/37.0.828.0 Mobile Safari/5321",#67c077
"Alek Christiansen",+15138274371,alysa.ledner@wilkinson.net,"18325 Riley Mission
North Rusty, TX 86440","Mozilla/5.0 (compatible; MSIE 11.0; Windows CE; Trident/5.1)",#11751a
"Mrs. Whitney Haag III","(989) 288-1059",elinore84@hauck.com,"5104 Eula Pine Suite 769
East Russellland, NE 53840-0600","Mozilla/5.0 (Macintosh; U; PPC Mac OS X 10_6_4 rv:4.0) Gecko/20220202 Firefox/35.0",#516359
"Prof. Janick Blanda IV",531-572-9959,lebsack.cyrus@hotmail.com,"55849 Samson Overpass
West Valerie, ME 32867-0489","Mozilla/5.0 (compatible; MSIE 5.0; Windows 95; Trident/3.1)",#d9414a
"Timmy Tromp",968.201.0536,may23@hotmail.com,"39391 Torp Estates
North Jonside, NE 92021-9885","Opera/8.23 (Windows 95; sl-SI) Presto/2.9.222 Version/12.00",#7427d1
"Rhett Corwin","+1 (720) 477-8294",monte21@muller.com,"244 Rau Stravenue
East Amelia, GA 77300","Mozilla/5.0 (X11; Linux i686; rv:5.0) Gecko/20100101 Firefox/36.0",#9a7f17
"Miss Hulda Collins PhD",1-343-573-3255,finn12@hotmail.com,"459 Mauricio Estates Suite 828
South Cole, NM 19830-3776","Mozilla/5.0 (compatible; MSIE 9.0; Windows NT 6.0; Trident/3.0)",#09d35e
"Catharine Mante",+1-961-606-7652,jana.walter@berge.net,"48018 Goldner Center Suite 227
Swaniawskiberg, CA 13402","Mozilla/5.0 (compatible; MSIE 11.0; Windows NT 5.0; Trident/5.1)",#7b9c6a
"Dr. Clement Medhurst",362-713-1736,koepp.emmie@hotmail.com,"63353 Fern Stream
South Mariano, HI 56339-4000","Mozilla/5.0 (X11; Linux i686; rv:7.0) Gecko/20180116 Firefox/35.0",#c9b531
"Lorenz Romaguera I",+1.461.344.4392,leta.crist@fritsch.biz,"6241 Lee Street Suite 017
West Kristoferside, WI 07451","Mozilla/5.0 (X11; Linux i686) AppleWebKit/5320 (KHTML, like Gecko) Chrome/37.0.870.0 Mobile Safari/5320",#b69bee
"Granville Turcotte",1-453-622-3621,mraz.lisandro@yahoo.com,"59715 Trantow Junction Suite 380
New Chelseystad, OK 74047","Mozilla/5.0 (compatible; MSIE 8.0; Windows 98; Trident/5.0)",#31ed39
"Sonia Kunze",329-615-5496,eloisa82@hotmail.com,"1511 Loyal Harbor Suite 642
Port Kentonshire, VA 91533-5430","Mozilla/5.0 (Windows NT 4.0) AppleWebKit/5340 (KHTML, like Gecko) Chrome/40.0.806.0 Mobile Safari/5340",#411e0a
"Miss Dina Deckow","+1 (273) 627-5704",bria63@fritsch.info,"85250 Wintheiser Walks
Gussieburgh, MS 28809-4014","Opera/8.30 (Windows NT 5.2; sl-SI) Presto/2.9.198 Version/11.00",#667a37
"Marlon Krajcik PhD",441-866-6195,runolfsdottir.kelsi@gmail.com,"482 Nitzsche Street Suite 429
East Deonbury, SC 77953","Mozilla/5.0 (compatible; MSIE 8.0; Windows 98; Trident/3.1)",#967ecf
"Muriel Lindgren",+1.282.574.8618,aylin.dickens@konopelski.com,"8535 Grady Square
Ullrichland, NC 36700-8117","Mozilla/5.0 (compatible; MSIE 7.0; Windows 95; Trident/4.1)",#bd92a6
"Earl Cruickshank",646-932-9658,bosco.joannie@hills.net,"78104 Hand Lodge Suite 391
Velmatown, IL 73260-1658","Mozilla/5.0 (compatible; MSIE 11.0; Windows 95; Trident/4.0)",#37354a
"Mrs. Beverly Rogahn","+1 (807) 363-1332",adeline20@reichert.biz,"344 Kris Locks Suite 643
East Cassandra, MT 12139-7217","Mozilla/5.0 (compatible; MSIE 5.0; Windows NT 5.1; Trident/4.1)",#2c3391
"Mr. Bernard Denesik Jr.",761-418-0534,rocky99@leffler.info,"692 Cordell Throughway
Alfmouth, ME 85151","Mozilla/5.0 (Macintosh; U; PPC Mac OS X 10_7_2 rv:6.0) Gecko/20180312 Firefox/35.0",#c1f433
"Wilford Turcotte",+17609714390,kulas.eudora@parker.com,"663 Yundt Field
Kirstenfort, CA 85279","Mozilla/5.0 (compatible; MSIE 5.0; Windows 98; Trident/3.0)",#3165b2
"Dr. Lewis Cronin","(603) 683-4279",andre46@yahoo.com,"9293 Harvey Drive Apt. 763
South Lurastad, TN 49042","Opera/8.78 (Windows NT 6.2; sl-SI) Presto/2.10.265 Version/12.00",#74833c
"Mr. Luis Fay III",563.657.9709,dickinson.darion@hammes.com,"34377 Kunde Ports
Tremayneshire, MA 75208","Mozilla/5.0 (Windows; U; Windows NT 4.0) AppleWebKit/535.14.5 (KHTML, like Gecko) Version/5.0.2 Safari/535.14.5",#a99d60
"Prof. Crystal Ebert",516-553-6586,krussel@gmail.com,"283 Sylvester Common
Schneiderland, WV 38576","Mozilla/5.0 (X11; Linux x86_64; rv:7.0) Gecko/20120815 Firefox/36.0",#0885fe
"Tatyana Schamberger",1-618-844-3059,eriberto.kirlin@douglas.com,"4284 Layla Cove
Crystalmouth, IL 29481","Opera/8.92 (X11; Linux i686; en-US) Presto/2.12.221 Version/11.00",#217709
"Leonora Waters",416.842.9271,breana18@yahoo.com,"4979 Daugherty Square
Mayerbury, MD 74376-4285","Mozilla/5.0 (Macintosh; U; PPC Mac OS X 10_5_5) AppleWebKit/5312 (KHTML, like Gecko) Chrome/40.0.806.0 Mobile Safari/5312",#378a2c
"Dimitri Strosin V",+1.504.303.7291,weber.aida@ohara.com,"1577 Rowan Spur
Andersonchester, RI 22628","Mozilla/5.0 (compatible; MSIE 11.0; Windows NT 6.2; Trident/3.1)",#f135f7
"Sonya Schamberger",1-851-905-8914,pshanahan@yahoo.com,"1203 Witting Haven Apt. 040
West Gregorio, VA 84394-8530","Mozilla/5.0 (Windows NT 6.2; en-US; rv:1.9.0.20) Gecko/20130219 Firefox/36.0",#5e59f0
"Fiona Oberbrunner",1-934-563-8143,walsh.dannie@hotmail.com,"10226 Kylie Isle
South Birdie, MN 24680-4355","Mozilla/5.0 (X11; Linux i686; rv:6.0) Gecko/20181024 Firefox/36.0",#a75e6a
"Manuela Rolfson",+1-449-939-9941,lenora40@hotmail.com,"653 Tillman Knolls
Hellerside, IL 48403","Mozilla/5.0 (compatible; MSIE 11.0; Windows NT 5.01; Trident/4.0)",#8e659d
"Adriel Barrows","+1 (996) 801-3096",jerald69@connelly.info,"906 Amani Knoll
Clementinebury, OH 43031","Mozilla/5.0 (compatible; MSIE 9.0; Windows 98; Win 9x 4.90; Trident/3.1)",#e959c5
"Prof. Eleanora Abbott",690-881-0319,yupton@sawayn.net,"10325 Joe Trace
New Nicholaschester, TN 44493-7915","Mozilla/5.0 (Windows NT 6.0) AppleWebKit/5311 (KHTML, like Gecko) Chrome/40.0.820.0 Mobile Safari/5311",#16ae56
"Prof. Osbaldo Goldner MD","(279) 202-3105",gtorphy@gmail.com,"978 Bogan Lake Apt. 093
Metzville, AZ 08609-3213","Opera/8.63 (X11; Linux x86_64; en-US) Presto/2.12.267 Version/10.00",#3f5601
"Linnea Friesen",814.206.7705,may.lehner@gmail.com,"9548 Kris Garden
Helenmouth, MD 91772","Mozilla/5.0 (Macintosh; PPC Mac OS X 10_7_8) AppleWebKit/5340 (KHTML, like Gecko) Chrome/38.0.808.0 Mobile Safari/5340",#cb8f87
"Prof. Myrtice Kerluke",+1.238.547.0843,miller.mayer@keeling.info,"4495 Tiffany Falls Apt. 066
North Loma, NV 45289-8721","Opera/9.28 (Windows NT 5.01; en-US) Presto/2.8.264 Version/10.00",#a0892c
"Athena Torphy MD",1-396-504-6234,kbergstrom@yahoo.com,"69147 Terry Burg Suite 278
Christopmouth, VT 92922","Mozilla/5.0 (Windows NT 6.1) AppleWebKit/5331 (KHTML, like Gecko) Chrome/36.0.847.0 Mobile Safari/5331",#dbc7ae
"Caroline Morar",846.217.7576,cronin.faustino@boyer.com,"109 Chanel Court Apt. 872
Gabriellemouth, DC 97512","Mozilla/5.0 (Windows CE; en-US; rv:1.9.1.20) Gecko/20190404 Firefox/36.0",#448f89
"Boris Gleichner",846.728.3874,santino.klocko@gottlieb.com,"27402 Ruthe Mountains
Creminton, SC 61810-5123","Mozilla/5.0 (compatible; MSIE 7.0; Windows 95; Trident/5.0)",#a4853b
"Torey Daniel",1-509-554-8824,adelbert57@schneider.net,"7250 Walter Drives
New Hollieview, WY 92080","Mozilla/5.0 (Windows NT 6.2; sl-SI; rv:1.9.2.20) Gecko/20190403 Firefox/36.0",#754979
"Devan Lockman",665-416-9384,price.salvatore@gmail.com,"8167 Deangelo Fort Suite 053
Port Kody, IL 16181-1451","Mozilla/5.0 (iPhone; CPU iPhone OS 8_1_2 like Mac OS X; en-US) AppleWebKit/531.24.6 (KHTML, like Gecko) Version/3.0.5 Mobile/8B118 Safari/6531.24.6",#cf2a31
"Garett Beer",+1-661-952-2420,smitham.kenya@yahoo.com,"3236 Lubowitz Unions
Leannaview, NH 91329-7961","Opera/9.50 (X11; Linux x86_64; en-US) Presto/2.10.202 Version/11.00",#a7ed3f
"Carolina Bernier",796-684-1857,ujenkins@stokes.com,"517 Naomi Courts
South Bertaton, SD 42418","Mozilla/5.0 (Windows NT 6.2; sl-SI; rv:1.9.1.20) Gecko/20120810 Firefox/37.0",#26f643
"Maximillian Ratke",+14373879260,rubye.fay@beahan.com,"4819 O'Reilly Union Suite 949
Lake Gertrudetown, MS 60398","Mozilla/5.0 (Windows; U; Windows CE) AppleWebKit/532.50.1 (KHTML, like Gecko) Version/5.0 Safari/532.50.1",#fe79b6
"Erick Johnson","+1 (301) 230-8165",bogan.isabella@kreiger.com,"242 Pete Mount Suite 388
East Lonzo, ID 37436-0716","Mozilla/5.0 (compatible; MSIE 10.0; Windows NT 5.1; Trident/3.0)",#91728e
"Prof. Emmy Upton Sr.",+1.916.801.3077,herman.mraz@hotmail.com,"56909 Travis Key
Port Ezraville, KY 75944-0057","Mozilla/5.0 (X11; Linux i686; rv:5.0) Gecko/20191026 Firefox/36.0",#814a61
"Annetta O'Kon V",317-759-8471,anderson.breana@glover.com,"1306 Kautzer Spur
South Maverickport, MN 30453-9208","Opera/8.75 (Windows 98; sl-SI) Presto/2.9.267 Version/10.00",#a9ba85
"Prof. Ashton Swift",357.240.1987,trey.walter@gmail.com,"5695 Alisha Well Apt. 887
Bodeside, IA 80983-4073","Mozilla/5.0 (Macintosh; U; PPC Mac OS X 10_8_8 rv:2.0; en-US) AppleWebKit/531.26.1 (KHTML, like Gecko) Version/5.1 Safari/531.26.1",#94bd7d
"Bertha Hammes",+1-892-890-5571,gisselle60@yahoo.com,"8887 Hartmann Lock
Lake Floridashire, AR 66510-1688","Mozilla/5.0 (Windows NT 5.01; en-US; rv:1.9.1.20) Gecko/20100818 Firefox/36.0",#899207
"Laron Price DVM",343.227.9908,oberbrunner.monty@hotmail.com,"50791 Jerrod Parkways
East Edwardo, DC 61404","Mozilla/5.0 (Windows NT 4.0; en-US; rv:1.9.0.20) Gecko/20170125 Firefox/35.0",#71dd3d
"Jazmyne Witting",724-207-7360,dayana.welch@borer.org,"126 Borer Heights
Schneiderland, ND 47312-1781","Mozilla/5.0 (Windows 98; Win 9x 4.90; en-US; rv:1.9.1.20) Gecko/20211031 Firefox/36.0",#7ad72e
"Mrs. Darby Turner",+13906626687,runolfsdottir.tess@dietrich.com,"11406 Collier Burg Suite 562
Samantachester, LA 97517-9369","Mozilla/5.0 (Macintosh; PPC Mac OS X 10_6_2 rv:6.0; en-US) AppleWebKit/535.2.6 (KHTML, like Gecko) Version/4.0 Safari/535.2.6",#7be4b2
"Coty Buckridge","+1 (436) 725-6200",bhaley@gmail.com,"38587 Bednar Ridges Suite 303
Gracieside, ND 62900-0384","Mozilla/5.0 (Windows; U; Windows 95) AppleWebKit/534.14.6 (KHTML, like Gecko) Version/4.0.5 Safari/534.14.6",#466fcd
"Prof. Marina Walter",1-706-241-9391,hstoltenberg@hotmail.com,"46937 Spencer Mill Suite 849
Skylatown, AK 70243","Mozilla/5.0 (Macintosh; PPC Mac OS X 10_7_9) AppleWebKit/5340 (KHTML, like Gecko) Chrome/38.0.859.0 Mobile Safari/5340",#6b6f50
"Electa Gottlieb",530.603.3921,turcotte.maureen@hotmail.com,"374 Einar Hollow Suite 981
North Kyleeview, AK 30995-3826","Mozilla/5.0 (Windows NT 5.2; en-US; rv:1.9.0.20) Gecko/20200213 Firefox/35.0",#440c66
"Prof. Jessica Flatley",848.769.5063,rocio.schulist@goodwin.com,"74649 Elinor Trail
Emiefurt, NM 31210","Opera/8.30 (X11; Linux i686; sl-SI) Presto/2.9.176 Version/10.00",#7933e0
"Prof. Geovanni Bins PhD",+1.636.259.6688,bmcclure@yahoo.com,"91186 Hamill Roads
South Lola, CA 75987","Mozilla/5.0 (Windows; U; Windows NT 6.1) AppleWebKit/533.24.3 (KHTML, like Gecko) Version/5.1 Safari/533.24.3",#3b79a3
"Emily Macejkovic","+1 (237) 251-1046",antonetta.hyatt@yahoo.com,"2544 Wunsch Drive Apt. 722
North Winnifredview, VA 47961-6152","Mozilla/5.0 (compatible; MSIE 10.0; Windows NT 5.1; Trident/5.0)",#093288
"Karina Schowalter",770.417.1994,ramiro22@gmail.com,"911 Ashlee Hills Apt. 510
Port Fleta, AL 28084-4182","Mozilla/5.0 (compatible; MSIE 10.0; Windows NT 6.2; Trident/3.0)",#bdb41b
"Mrs. Alisha Casper Jr.",737.731.1164,lamar.gutmann@yahoo.com,"725 Eve Ridge
Avischester, UT 65177-6798","Opera/9.93 (Windows 98; en-US) Presto/2.10.232 Version/11.00",#0d8fa3
"Noah Swift MD","+1 (815) 693-2992",bboyle@adams.org,"460 Cayla Springs Suite 568
New Alessandroburgh, MA 36365","Mozilla/5.0 (Windows NT 6.1; sl-SI; rv:1.9.2.20) Gecko/20180123 Firefox/36.0",#d1e503